Category,Precision,Recall,Accuracy
Answer,0.91,0.9381,0.8584999999999999
Explanation,0.3886,0.3389666666666667,0.2241
